,aau,Acacia auriculiformis,Angiosperm,Dicotyledon
,amg,Acacia mangium,Angiosperm,Dicotyledon
acch,ach,Actinidia chinensis,Angiosperm,Dicotyledon
aeta,ata,Aegilops tauschii,Angiosperm,Monocotyledon
agsq,asq,Agriophyllum squarrosum,Angiosperm,Dicotyledon
agmo,amn,Agropyron mongolicum,Angiosperm,Monocotyledon
amhy,amh,Amaranthus hypochondriacus,Angiosperm,Dicotyledon
amtr,atr,Amborella trichopoda,Angiosperm,Dicotyledon
amna,ana,Ammopiptanthus nanus,Angiosperm,Dicotyledon
anco,aco,Ananas comosus,Angiosperm,Monocotyledon
,amj,Antirrhinum majus,Angiosperm,Dicotyledon
,aqc,Aquilegia caerulea,Angiosperm,Dicotyledon
,aha,Arabidopsis halleri,Angiosperm,Dicotyledon
arly,aly,Arabidopsis lyrata,Angiosperm,Dicotyledon
arth,ath,Arabidopsis thaliana,Angiosperm,Dicotyledon
ardu,adu,Arachis duranensis,Angiosperm,Dicotyledon
,ahy,Arachis hypogaea,Angiosperm,Dicotyledon
arip,aip,Arachis ipaensis,Angiosperm,Dicotyledon
armo,amo,Arachis monticola,Angiosperm,Dicotyledon
asof,aof,Asparagus officinalis,Angiosperm,Monocotyledon
,ama,Avicennia marina,Angiosperm,Dicotyledon
azfi,afi,Azolla filiculoides,Others,Others
bevu,bvu,Beta vulgaris,Angiosperm,Dicotyledon
bepe,bpe,Betula pendula,Angiosperm,Dicotyledon
boni,bnv,Boehmeria nivea,Angiosperm,Dicotyledon
brdi,bdi,Brachypodium distachyon,Angiosperm,Monocotyledon
brju,bju,Brassica juncea,Angiosperm,Dicotyledon
brna,bna,Brassica napus,Angiosperm,Dicotyledon
brni,bni,Brassica nigra,Angiosperm,Dicotyledon
brol,bol,Brassica oleracea,Angiosperm,Dicotyledon
brra,bra,Brassica rapa,Angiosperm,Dicotyledon
,bcy,Bruguiera cylindrica,Angiosperm,Dicotyledon
,bgy,Bruguiera gymnorhiza,Angiosperm,Dicotyledon
,ccj,Cajanus cajan,Angiosperm,Dicotyledon
casa,cas,Camelina sativa,Angiosperm,Dicotyledon
casi,csn,Camellia sinensis,Angiosperm,Dicotyledon
caru,cru,Capsella rubella,Angiosperm,Dicotyledon
caan,can,Capsicum annuum,Angiosperm,Dicotyledon
capa,cpa,Carica papaya,Angiosperm,Dicotyledon
,cti,Carthamus tinctorius,Angiosperm,Dicotyledon
caro,cro,Catharanthus roseus,Angiosperm,Dicotyledon
ceam,cam,Cenchrus americanus,Angiosperm,Monocotyledon
cepo,cfo,Cephalotus follicularis,Angiosperm,Dicotyledon
chqu,cqu,Chenopodium quinoa,Angiosperm,Dicotyledon
chre,cre,Chlamydomonas reinhardtii,Others,Others
chna,cna,Chrysanthemum nankingense,Angiosperm,Dicotyledon
ciar,car,Cicer arietinum,Angiosperm,Dicotyledon
,cri,Cicer reticulatum,Angiosperm,Dicotyledon
cila,cla,Citrullus lanatus,Angiosperm,Dicotyledon
ciau,cau,Citrus aurantifolia,Angiosperm,Dicotyledon
cicl,ccl,Citrus clementina,Angiosperm,Dicotyledon
cigr,cgr,Citrus grandis,Angiosperm,Dicotyledon
ciju,cju,Citrus junus,Angiosperm,Dicotyledon
,cit,Citrus maxima,Angiosperm,Dicotyledon
,crt,Citrus reticulata,Angiosperm,Dicotyledon
cisi,csi,Citrus sinensis,Angiosperm,Dicotyledon
citr,ctr,Citrus trifoliata,Angiosperm,Dicotyledon
conu,cnu,Cocos nucifera,Angiosperm,Monocotyledon
,caa,Coffea arabica,Angiosperm,Dicotyledon
coca,ccn,Coffea canephora,Angiosperm,Dicotyledon
cume,cme,Cucumis melo,Angiosperm,Dicotyledon
cusa,cst,Cucumis sativus,Angiosperm,Dicotyledon
cuma,cma,Cucurbita maxima,Angiosperm,Dicotyledon
cumo,cmo,Cucurbita moschata,Angiosperm,Dicotyledon
cupe,cpe,Cucurbita pepo,Angiosperm,Dicotyledon
,cln,Cunninghamia lanceolata,Gymnosperm,Others
,ccm,Cuscuta campestris,Angiosperm,Dicotyledon
,cca,Cynara cardunculus,Angiosperm,Dicotyledon
daca,dca,Daucus carota,Angiosperm,Dicotyledon
deca,dct,Dendrobium catenatum,Angiosperm,Monocotyledon
deof,dof,Dendrobium officinale,Angiosperm,Monocotyledon
,dpr,Digitalis purpurea,Angiosperm,Dicotyledon
dilo,dlo,Dimocarpus longan,Angiosperm,Dicotyledon
elgu,egu,Elaeis guineensis,Angiosperm,Monocotyledon
elco,eco,Eleusine coracana,Angiosperm,Monocotyledon
erte,ete,Eragrostis tef,Angiosperm,Monocotyledon
,egt,Erythranthe guttata,Angiosperm,Dicotyledon
eugr,egr,Eucalyptus grandis,Angiosperm,Dicotyledon
,eun,Eugenia uniflora,Angiosperm,Dicotyledon
,esa,Eutrema salsugineum,Angiosperm,Dicotyledon
faes,fes,Fagopyrum esculentum,Angiosperm,Dicotyledon
,fsy,Fagus sylvatica,Angiosperm,Dicotyledon
,far,Festuca arundinacea,Angiosperm,Monocotyledon
fran,fan,Fragaria ananassa,Angiosperm,Dicotyledon
frve,fve,Fragaria vesca,Angiosperm,Dicotyledon
,fex,Fraxinus excelsior,Angiosperm,Dicotyledon
gibi,gbi,Ginkgo biloba,Gymnosperm,Others
glma,gma,Glycine max,Angiosperm,Dicotyledon
glso,gso,Glycine soja,Angiosperm,Dicotyledon
goar,gar,Gossypium arboreum,Angiosperm,Dicotyledon
goba,gba,Gossypium barbadense,Angiosperm,Dicotyledon
,ghb,Gossypium herbaceum,Angiosperm,Dicotyledon
gohi,ghr,Gossypium hirsutum,Angiosperm,Dicotyledon
gora,gra,Gossypium raimondii,Angiosperm,Dicotyledon
hean,han,Helianthus annuus,Angiosperm,Dicotyledon
,har,Helianthus argophyllus,Angiosperm,Dicotyledon
,hci,Helianthus ciliaris,Angiosperm,Dicotyledon
,hex,Helianthus exilis,Angiosperm,Dicotyledon
,hpa,Helianthus paradoxus,Angiosperm,Dicotyledon
,hpe,Helianthus petiolaris,Angiosperm,Dicotyledon
,htu,Helianthus tuberosus,Angiosperm,Dicotyledon
hefu,hfu,Hemerocallis fulva,Angiosperm,Monocotyledon
hebr,hbr,Hevea brasiliensis,Angiosperm,Dicotyledon
hisy,hsy,Hibiscus syriacus,Angiosperm,Dicotyledon
hovu,hvu,Hordeum vulgare,Angiosperm,Monocotyledon
hulu,hlu,Humulus lupulus,Angiosperm,Dicotyledon
ipba,iba,Ipomoea batatas,Angiosperm,Dicotyledon
jacu,jcu,Jatropha curcas,Angiosperm,Dicotyledon
jure,jre,Juglans regia,Angiosperm,Dicotyledon
kama,kma,Kalanchoe marnieriana,Angiosperm,Dicotyledon
lasa,lsa,Lactuca sativa,Angiosperm,Dicotyledon
lasi,lsi,Lagenaria siceraria,Angiosperm,Dicotyledon
lius,lus,Linum usitatissimum,Angiosperm,Dicotyledon
lope,lpe,Lolium perenne,Angiosperm,Monocotyledon
loja,lja,Lotus japonicus,Angiosperm,Dicotyledon
luan,lan,Lupinus angustifolius,Angiosperm,Dicotyledon
,min,Macadamia integrifolia,Angiosperm,Dicotyledon
mado,mdm,Malus domestica,Angiosperm,Dicotyledon
masi,msi,Malus sieversii,Angiosperm,Dicotyledon
,mid,Mangifera indica,Angiosperm,Dicotyledon
maes,mes,Manihot esculenta,Angiosperm,Dicotyledon
mapo,mpo,Marchantia polymorpha,Others,Others
meru,mru,Medicago ruthenica,Angiosperm,Dicotyledon
mesa,msa,Medicago sativa,Angiosperm,Dicotyledon
metr,mtr,Medicago truncatula,Angiosperm,Dicotyledon
misi,msn,Miscanthus sinensis,Angiosperm,Monocotyledon
mool,mol,Moringa oleifera,Angiosperm,Dicotyledon
moal,mal,Morus alba,Angiosperm,Dicotyledon
mono,mno,Morus notabilis,Angiosperm,Dicotyledon
muac,mac,Musa acuminata,Angiosperm,Monocotyledon
nenu,nnu,Nelumbo nucifera,Angiosperm,Dicotyledon
niat,nat,Nicotiana attenuata,Angiosperm,Dicotyledon
nibe,nbe,Nicotiana benthamiana,Angiosperm,Dicotyledon
nita,nta,Nicotiana tabacum,Angiosperm,Dicotyledon
oleu,oeu,Olea europaea,Angiosperm,Olea europaea
onvi,ovi,Onobrychis viciifolia,Angiosperm,Dicotyledon
orba,oba,Oryza barthii,Angiosperm,Monocotyledon
orgl,ogl,Oryza glaberrima,Angiosperm,Monocotyledon
orni,oni,Oryza nivara,Angiosperm,Monocotyledon
orru,oru,Oryza rufipogon,Angiosperm,Monocotyledon
orsa,osa,Oryza sativa,Angiosperm,Monocotyledon
,pla,Paeonia lactiflora,Angiosperm,Dicotyledon
,pgi,Panax ginseng,Angiosperm,Dicotyledon
pano,pno,Panax notoginseng,Angiosperm,Dicotyledon
,pha,Panicum hallii,Angiosperm,Monocotyledon
pavi,pvi,Panicum virgatum,Angiosperm,Monocotyledon
peam,pam,Persea americana,Angiosperm,Dicotyledon
pham,paa,Phalaenopsis amabilis,Angiosperm,Monocotyledon
phap,pap,Phalaenopsis aphrodite,Angiosperm,Monocotyledon
phvu,pvu,Phaseolus vulgaris,Angiosperm,Dicotyledon
phda,pda,Phoenix dactylifera,Angiosperm,Monocotyledon
phau,pau,Phyllostachys aureosulcata,Angiosperm,Monocotyledon
phhe,phe,Phyllostachys heterocycla,Angiosperm,Monocotyledon
phpa,ppt,Physcomitrella patens,Others,Others
piab,pab,Picea abies,Gymnosperm,Others
,pde,Pinus densata,Gymnosperm,Others
pima,pma,Pinus massoniana,Gymnosperm,Others
pipi,ppi,Pinus pinaster,Gymnosperm,Others
,pta,Pinus taeda,Gymnosperm,Others
pini,pni,Piper nigrum,Angiosperm,Dicotyledon
pisa,psa,Pisum sativum,Angiosperm,Dicotyledon
poca,pca,Pogostemon cablin,Angiosperm,Dicotyledon
poal,pal,Populus alba,Angiosperm,Dicotyledon
pode,pdl,Populus deltoides ,Angiosperm,Dicotyledon
,peu,Populus euphratica,Angiosperm,Dicotyledon
,ptr,Populus tremula,Angiosperm,Dicotyledon
potr,ptc,Populus trichocarpa,Angiosperm,Dicotyledon
prav,pav,Prunus avium,Angiosperm,Dicotyledon
prdu,pdu,Prunus dulcis,Angiosperm,Dicotyledon
prpe,ppe,Prunus persica,Angiosperm,Dicotyledon
pugr,pgr,Punica granatum,Angiosperm,Dicotyledon
pybr,pbr,Pyrus bretschneideri,Angiosperm,Dicotyledon
,qro,Quercus robur,Gymnosperm,Others
rasa,rsa,Raphanus sativus,Angiosperm,Dicotyledon
,rgl,Rehmannia glutinosa,Angiosperm,Dicotyledon
rhbi,rbi,Rhaphiolepis bibas,Angiosperm,Dicotyledon
rico,rco,Ricinus communis,Angiosperm,Dicotyledon
sahy,scu,Saccharum hybrid cultivar,Angiosperm,Monocotyledon
,sof,Saccharum officinarum,Angiosperm,Monocotyledon
sasp,ssp,Saccharum spontaneum,Angiosperm,Monocotyledon
,seu,Salicornia europaea,Angiosperm,Dicotyledon
sami,smi,Salvia miltiorrhiza,Angiosperm,Dicotyledon
,ssl,Salvia sclarea,Angiosperm,Dicotyledon
,scc,Salvinia cucullata,Others,Others
semo,smo,Selaginella moellendorffii,Others,Others
sein,sin,Sesamum indicum,Angiosperm,Dicotyledon
seit,sit,Setaria italica,Angiosperm,Monocotyledon
,sla,Silene latifolia,Angiosperm,Dicotyledon
soaj,saj,Solanum ajanhuiri,Angiosperm,Dicotyledon
,sha,Solanum habrochaites,Angiosperm,Dicotyledon
soly,sly,Solanum lycopersicum,Angiosperm,Dicotyledon
some,sme,Solanum melongena,Angiosperm,Dicotyledon
sope,spe,Solanum pennellii,Angiosperm,Dicotyledon
sopi,spi,Solanum pimpinellifolium,Angiosperm,Dicotyledon
sotu,stu,Solanum tuberosum,Angiosperm,Dicotyledon
sobi,sbi,Sorghum bicolor,Angiosperm,Monocotyledon
spol,sol,Spinacia oleracea,Angiosperm,Dicotyledon
sppo,spo,Spirodela polyrhiza,Angiosperm,Monocotyledon
taha,tha,Tarenaya hassleriana,Angiosperm,Dicotyledon
thca,tcc,Theobroma cacao,Angiosperm,Dicotyledon
trae,tae,Triticum aestivum,Angiosperm,Monocotyledon
trtu,ttu,Triticum turgidum,Angiosperm,Monocotyledon
trur,tur,Triticum urartu,Angiosperm,Monocotyledon
vaco,vco,Vaccinium corymbosum,Angiosperm,Dicotyledon
visa,vsa,Vicia sativa,Angiosperm,Dicotyledon
vira,vra,Vigna radiata,Angiosperm,Dicotyledon
,vun,Vigna unguiculata,Angiosperm,Dicotyledon
viri,vri,Vitis riparia,Angiosperm,Dicotyledon
vivi,vvi,Vitis vinifera,Angiosperm,Dicotyledon
,vca,Volvox carteri,Others,Others
,vcr,Vriesea carinata,Angiosperm,Monocotyledon
zema,zma,Zea mays,Angiosperm,Monocotyledon
ziju,zju,Ziziphus jujuba,Angiosperm,Dicotyledon
zoma,zos,Zostera marina,Angiosperm,Monocotyledon
